{"initial_reset_timestamp": 1573026746.1743338, "timestamps": [1573026763.5110247], "episode_lengths": [500], "episode_rewards": [500.0], "episode_types": ["t"]}